Workbook

Sheet Dashboard
A1: DATA ENGINEER JOB ROADMAP — DASHBOARD
A2: Total planned days | B2: =COUNTA('Daily Tracker'!A2:A87) -> 86 | D2: Planned | E2: Completed
A3: Completed days | B3: =COUNTIF('Daily Tracker'!X2:X87,"Completed") -> 0 | D3: Days | E3: Days
A4: Completion % | B4: =IF(B2=0,0,B3/B2) -> 0 | D4: =B2 -> 86 | E4: =B3 -> 0
A5: Total study hours | B5: =SUM('Daily Tracker'!P2:P87) -> 668.5
A6: Python sessions completed | B6: =COUNTIF('Daily Tracker'!F2:F87,"Completed") -> 1
A7: SQL sessions completed | B7: =COUNTIF('Daily Tracker'!G2:G87,"Completed") -> 1
A8: PySpark sessions completed | B8: =COUNTIF('Daily Tracker'!H2:H87,"Completed") -> 1
A9: Interview questions logged | B9: =COUNTA('Interview Tracker'!C2:C1000) -> 0
A10: Interview questions correct | B10: =COUNTIF('Interview Tracker'!F2:F1000,"Yes") -> 0
A11: Projects completed | B11: =COUNTIF('Project Tracker'!O2:O4,"Completed") -> 0
A12: Applications sent | B12: =COUNTA('Job Application Tracker'!B2:B1000) -> 0
A13: Interviews received | B13: =COUNTIF('Job Application Tracker'!J2:J1000,"<>") -> 0
A14: Offers | B14: =COUNTIF('Job Application Tracker'!L2:L1000,"Offer") -> 0
A15: Success metric | B15: Data Engineer Job Offer

Sheet Daily Tracker
A1: Date | B1: Day | C1: Phase | D1: Main Objective | E1: Yoga/Exercise/Meditation | F1: Python Problem Solving | G1: SQL Practice | H1: PySpark Practice | I1: Real Study Hours | J1: Project Work | K1: Interview Questions | L1: Revision | M1: Resume/Career Task | N1: Job Applications | O1: Journal | P1: Total Study Hours | Q1: Overall Completion % | R1: Energy Level | S1: Focus Level | T1: Confidence Level | U1: Biggest Learning | V1: Biggest Problem | W1: Tomorrow's Priority | X1: Status
A2: 46302 | B2: Wednesday | C2: October — Fundamentals + Databricks + Snowflake | D2: AI Fundamentals + interview foundation | E2: Completed | F2: Completed | G2: Completed | H2: Completed | I2: 8 | J2: Define Databricks project architecture and GitHub structure | K2: SQL + Python fundamentals + Spark/Hadoop/Kafka basics | L2: Same-day active recall; explain one topic in 2 minutes | M2: Baseline resume inventory and DE target-role list | N2: Not Started | O2: Completed | P2: =IF(COUNTA(E2:O2)=0,0,SUM(IF(E2="Completed",1,0),IF(F2="Completed",1,0),IF(G2="Completed",1,0),IF(H2="Completed",1,0),IF(O2="Completed",0.5,0),I2)) -> 12.5 | Q2: =MIN(1,COUNTIF(E2:O2,"Completed")/8) -> 0.625 | W2: Not Started
A3: 46303 | B3: Thursday | C3: October — Fundamentals + Databricks + Snowflake | D3: AI Fundamentals + interview foundation | E3: Not Started | F3: Not Started | G3: Not Started | H3: Not Started | I3: 8 | J3: Define Databricks project architecture and GitHub structure | K3: SQL + Python fundamentals + Spark/Hadoop/Kafka basics | L3: Same-day active recall; explain one topic in 2 minutes | M3: Baseline resume inventory and DE target-role list | N3: Not Started | O3: Not Started | P3: =IF(COUNTA(E3:O3)=0,0,SUM(IF(E3="Completed",1,0),IF(F3="Completed",1,0),IF(G3="Completed",1,0),IF(H3="Completed",1,0),IF(O3="Completed",0.5,0),I3)) -> 8 | Q3: =MIN(1,COUNTIF(E3:O3,"Completed")/8) -> 0 | W3: Not Started
A4: 46304 | B4: Friday | C4: October — Fundamentals + Databricks + Snowflake | D4: AI Fundamentals + interview foundation | E4: Not Started | F4: Not Started | G4: Not Started | H4: Not Started | I4: 8 | J4: Define Databricks project architecture and GitHub structure | K4: SQL + Python fundamentals + Spark/Hadoop/Kafka basics | L4: Same-day active recall; explain one topic in 2 minutes | M4: Baseline resume inventory and DE target-role list | N4: Not Started | O4: Not Started | P4: =IF(COUNTA(E4:O4)=0,0,SUM(IF(E4="Completed",1,0),IF(F4="Completed",1,0),IF(G4="Completed",1,0),IF(H4="Completed",1,0),IF(O4="Completed",0.5,0),I4)) -> 8 | Q4: =MIN(1,COUNTIF(E4:O4,"Completed")/8) -> 0 | W4: Not Started
A5: 46305 | B5: Saturday | C5: October — Fundamentals + Databricks + Snowflake | D5: AI Fundamentals + interview foundation | E5: Not Started | F5: Not Started | G5: Not Started | H5: Not Started | I5: 8 | J5: Define Databricks project architecture and GitHub structure | K5: SQL + Python fundamentals + Spark/Hadoop/Kafka basics | L5: Same-day active recall; explain one topic in 2 minutes | M5: Baseline resume inventory and DE target-role list | N5: Not Started | O5: Not Started | P5: =IF(COUNTA(E5:O5)=0,0,SUM(IF(E5="Completed",1,0),IF(F5="Completed",1,0),IF(G5="Completed",1,0),IF(H5="Completed",1,0),IF(O5="Completed",0.5,0),I5)) -> 8 | Q5: =MIN(1,COUNTIF(E5:O5,"Completed")/8) -> 0 | W5: Not Started
A6: 46306 | B6: Sunday | C6: October — Fundamentals + Databricks + Snowflake | D6: Databricks + Delta Lake + PySpark | E6: Not Started | F6: Not Started | G6: Not Started | H6: Not Started | I6: 6 | J6: Build ingestion + Bronze/Silver layers + data quality | K6: PySpark DataFrame API, joins, partitions, shuffle | L6: Revise SQL/PySpark + prior 3 days | M6: GitHub README + project documentation | N6: Not Started | O6: Not Started | P6: =IF(COUNTA(E6:O6)=0,0,SUM(IF(E6="Completed",1,0),IF(F6="Completed",1,0),IF(G6="Completed",1,0),IF(H6="Completed",1,0),IF(O6="Completed",0.5,0),I6)) -> 6 | Q6: =MIN(1,COUNTIF(E6:O6,"Completed")/8) -> 0 | W6: Not Started
A7: 46307 | B7: Monday | C7: October — Fundamentals + Databricks + Snowflake | D7: Databricks + Delta Lake + PySpark | E7: Not Started | F7: Not Started | G7: Not Started | H7: Not Started | I7: 8 | J7: Build ingestion + Bronze/Silver layers + data quality | K7: PySpark DataFrame API, joins, partitions, shuffle | L7: Revise SQL/PySpark + prior 3 days | M7: GitHub README + project documentation | N7: Not Started | O7: Not Started | P7: =IF(COUNTA(E7:O7)=0,0,SUM(IF(E7="Completed",1,0),IF(F7="Completed",1,0),IF(G7="Completed",1,0),IF(H7="Completed",1,0),IF(O7="Completed",0.5,0),I7)) -> 8 | Q7: =MIN(1,COUNTIF(E7:O7,"Completed")/8) -> 0 | W7: Not Started
A8: 46308 | B8: Tuesday | C8: October — Fundamentals + Databricks + Snowflake | D8: Databricks + Delta Lake + PySpark | E8: Not Started | F8: Not Started | G8: Not Started | H8: Not Started | I8: 8 | J8: Build ingestion + Bronze/Silver layers + data quality | K8: PySpark DataFrame API, joins, partitions, shuffle | L8: Revise SQL/PySpark + prior 3 days | M8: GitHub README + project documentation | N8: Not Started | O8: Not Started | P8: =IF(COUNTA(E8:O8)=0,0,SUM(IF(E8="Completed",1,0),IF(F8="Completed",1,0),IF(G8="Completed",1,0),IF(H8="Completed",1,0),IF(O8="Completed",0.5,0),I8)) -> 8 | Q8: =MIN(1,COUNTIF(E8:O8,"Completed")/8) -> 0 | W8: Not Started
A9: 46309 | B9: Wednesday | C9: October — Fundamentals + Databricks + Snowflake | D9: Databricks + Delta Lake + PySpark | E9: Not Started | F9: Not Started | G9: Not Started | H9: Not Started | I9: 8 | J9: Build ingestion + Bronze/Silver layers + data quality | K9: PySpark DataFrame API, joins, partitions, shuffle | L9: Revise SQL/PySpark + prior 3 days | M9: GitHub README + project documentation | N9: Not Started | O9: Not Started | P9: =IF(COUNTA(E9:O9)=0,0,SUM(IF(E9="Completed",1,0),IF(F9="Completed",1,0),IF(G9="Completed",1,0),IF(H9="Completed",1,0),IF(O9="Completed",0.5,0),I9)) -> 8 | Q9: =MIN(1,COUNTIF(E9:O9,"Completed")/8) -> 0 | W9: Not Started
A10: 46310 | B10: Thursday | C10: October — Fundamentals + Databricks + Snowflake | D10: Databricks + Delta Lake + PySpark | E10: Not Started | F10: Not Started | G10: Not Started | H10: Not Started | I10: 8 | J10: Build ingestion + Bronze/Silver layers + data quality | K10: PySpark DataFrame API, joins, partitions, shuffle | L10: Revise SQL/PySpark + prior 3 days | M10: GitHub README + project documentation | N10: Not Started | O10: Not Started | P10: =IF(COUNTA(E10:O10)=0,0,SUM(IF(E10="Completed",1,0),IF(F10="Completed",1,0),IF(G10="Completed",1,0),IF(H10="Completed",1,0),IF(O10="Completed",0.5,0),I10)) -> 8 | Q10: =MIN(1,COUNTIF(E10:O10,"Completed")/8) -> 0 | W10: Not Started
A11: 46311 | B11: Friday | C11: October — Fundamentals + Databricks + Snowflake | D11: Databricks + Delta Lake + PySpark | E11: Not Started | F11: Not Started | G11: Not Started | H11: Not Started | I11: 8 | J11: Build ingestion + Bronze/Silver layers + data quality | K11: PySpark DataFrame API, joins, partitions, shuffle | L11: Revise SQL/PySpark + prior 3 days | M11: GitHub README + project documentation | N11: Not Started | O11: Not Started | P11: =IF(COUNTA(E11:O11)=0,0,SUM(IF(E11="Completed",1,0),IF(F11="Completed",1,0),IF(G11="Completed",1,0),IF(H11="Completed",1,0),IF(O11="Completed",0.5,0),I11)) -> 8 | Q11: =MIN(1,COUNTIF(E11:O11,"Completed")/8) -> 0 | W11: Not Started
A12: 46312 | B12: Saturday | C12: October — Fundamentals + Databricks + Snowflake | D12: Databricks + Delta Lake + PySpark | E12: Not Started | F12: Not Started | G12: Not Started | H12: Not Started | I12: 8 | J12: Build ingestion + Bronze/Silver layers + data quality | K12: PySpark DataFrame API, joins, partitions, shuffle | L12: Revise SQL/PySpark + prior 3 days | M12: GitHub README + project documentation | N12: Not Started | O12: Not Started | P12: =IF(COUNTA(E12:O12)=0,0,SUM(IF(E12="Completed",1,0),IF(F12="Completed",1,0),IF(G12="Completed",1,0),IF(H12="Completed",1,0),IF(O12="Completed",0.5,0),I12)) -> 8 | Q12: =MIN(1,COUNTIF(E12:O12,"Completed")/8) -> 0 | W12: Not Started
A13: 46313 | B13: Sunday | C13: October — Fundamentals + Databricks + Snowflake | D13: Databricks + Delta Lake + PySpark | E13: Not Started | F13: Not Started | G13: Not Started | H13: Not Started | I13: 6 | J13: Build ingestion + Bronze/Silver layers + data quality | K13: PySpark DataFrame API, joins, partitions, shuffle | L13: Revise SQL/PySpark + prior 3 days | M13: GitHub README + project documentation | N13: Not Started | O13: Not Started | P13: =IF(COUNTA(E13:O13)=0,0,SUM(IF(E13="Completed",1,0),IF(F13="Completed",1,0),IF(G13="Completed",1,0),IF(H13="Completed",1,0),IF(O13="Completed",0.5,0),I13)) -> 6 | Q13: =MIN(1,COUNTIF(E13:O13,"Completed")/8) -> 0 | W13: Not Started
... A87: 46387 | B87: Thursday | C87: December — Applications + Interviews + Revision | D87: Offer-focused interview/application sprint | E87: Not Started | F87: Not Started | G87: Not Started | H87: Not Started | I87: 8 | J87: Maintain portfolio; no unnecessary new learning | K87: Mixed interview sets and mocks | L87: Spaced revision + flash explanations | M87: Applications/referrals/follow-ups | N87: In Progress | O87: Not Started | P87: =IF(COUNTA(E87:O87)=0,0,SUM(IF(E87="Completed",1,0),IF(F87="Completed",1,0),IF(G87="Completed",1,0),IF(H87="Completed",1,0),IF(O87="Completed",0.5,0),I87)) -> 8 | Q87: =MIN(1,COUNTIF(E87:O87,"Completed")/8) -> 0 | W87: Not Started

Sheet Detailed Timetable
A1: Date | B1: Day | C1: Phase | D1: Primary Focus | E1: Real Study Breakdown | F1: Python Task | G1: SQL Task | H1: PySpark Task | I1: Project Task | J1: Interview Task | K1: Revision Task | L1: Career Task | M1: Expected Deliverable
A2: 46302 | B2: Wednesday | C2: October — Fundamentals + Databricks + Snowflake | D2: AI Fundamentals + interview foundation | E2: AI awareness → concise notes → explain aloud → interview questions → SQL/Python/PySpark practice | F2: Arrays/strings + data structures | G2: SELECT/WHERE/GROUP BY | H2: DataFrame creation/select/filter | I2: Define Databricks project architecture and GitHub structure | J2: SQL + Python fundamentals + Spark/Hadoop/Kafka basics | K2: Same-day active recall; explain one topic in 2 minutes | L2: Baseline resume inventory and DE target-role list | M2: Study system started + Databricks project skeleton
A3: 46303 | B3: Thursday | C3: October — Fundamentals + Databricks + Snowflake | D3: AI Fundamentals + interview foundation | E3: AI awareness → concise notes → explain aloud → interview questions → SQL/Python/PySpark practice | F3: Hash maps/sets + functions | G3: JOIN patterns | H3: withColumn + when/otherwise | I3: Define Databricks project architecture and GitHub structure | J3: SQL + Python fundamentals + Spark/Hadoop/Kafka basics | K3: Same-day active recall; explain one topic in 2 minutes | L3: Baseline resume inventory and DE target-role list | M3: Study system started + Databricks project skeleton
A4: 46304 | B4: Friday | C4: October — Fundamentals + Databricks + Snowflake | D4: AI Fundamentals + interview foundation | E4: AI awareness → concise notes → explain aloud → interview questions → SQL/Python/PySpark practice | F4: Two pointers/sliding window | G4: CTEs + subqueries | H4: joins + aggregations | I4: Define Databricks project architecture and GitHub structure | J4: SQL + Python fundamentals + Spark/Hadoop/Kafka basics | K4: Same-day active recall; explain one topic in 2 minutes | L4: Baseline resume inventory and DE target-role list | M4: Study system started + Databricks project skeleton
A5: 46305 | B5: Saturday | C5: October — Fundamentals + Databricks + Snowflake | D5: AI Fundamentals + interview foundation | E5: AI awareness → concise notes → explain aloud → interview questions → SQL/Python/PySpark practice | F5: Stack/queue + exceptions | G5: Window functions | H5: window functions | I5: Define Databricks project architecture and GitHub structure | J5: SQL + Python fundamentals + Spark/Hadoop/Kafka basics | K5: Same-day active recall; explain one topic in 2 minutes | L5: Baseline resume inventory and DE target-role list | M5: Study system started + Databricks project skeleton
A6: 46306 | B6: Sunday | C6: October — Fundamentals + Databricks + Snowflake | D6: Databricks + Delta Lake + PySpark | E6: Databricks architecture → Delta → Bronze/Silver/Gold → hands-on → interview questions | F6: Recursion + file handling | G6: Date functions | H6: partition/repartition/coalesce | I6: Build ingestion + Bronze/Silver layers + data quality | J6: PySpark DataFrame API, joins, partitions, shuffle | K6: Revise SQL/PySpark + prior 3 days | L6: GitHub README + project documentation | M6: Working Bronze/Silver pipeline
A7: 46307 | B7: Monday | C7: October — Fundamentals + Databricks + Snowflake | D7: Databricks + Delta Lake + PySpark | E7: Databricks architecture → Delta → Bronze/Silver/Gold → hands-on → interview questions | F7: Sorting/searching + comprehensions | G7: Ranking + deduplication | H7: cache/persist/broadcast | I7: Build ingestion + Bronze/Silver layers + data quality | J7: PySpark DataFrame API, joins, partitions, shuffle | K7: Revise SQL/PySpark + prior 3 days | L7: GitHub README + project documentation | M7: Working Bronze/Silver pipeline
A8: 46308 | B8: Tuesday | C8: October — Fundamentals + Databricks + Snowflake | D8: Databricks + Delta Lake + PySpark | E8: Databricks architecture → Delta → Bronze/Silver/Gold → hands-on → interview questions | F8: Linked list + OOP refresh | G8: Mixed SQL interview problem | H8: Mixed PySpark problem | I8: Build ingestion + Bronze/Silver layers + data quality | J8: PySpark DataFrame API, joins, partitions, shuffle | K8: Revise SQL/PySpark + prior 3 days | L8: GitHub README + project documentation | M8: Working Bronze/Silver pipeline
A9: 46309 | B9: Wednesday | C9: October — Fundamentals + Databricks + Snowflake | D9: Databricks + Delta Lake + PySpark | E9: Databricks architecture → Delta → Bronze/Silver/Gold → hands-on → interview questions | F9: Arrays/strings + data structures | G9: SELECT/WHERE/GROUP BY | H9: DataFrame creation/select/filter | I9: Build ingestion + Bronze/Silver layers + data quality | J9: PySpark DataFrame API, joins, partitions, shuffle | K9: Revise SQL/PySpark + prior 3 days | L9: GitHub README + project documentation | M9: Working Bronze/Silver pipeline
A10: 46310 | B10: Thursday | C10: October — Fundamentals + Databricks + Snowflake | D10: Databricks + Delta Lake + PySpark | E10: Databricks architecture → Delta → Bronze/Silver/Gold → hands-on → interview questions | F10: Hash maps/sets + functions | G10: JOIN patterns | H10: withColumn + when/otherwise | I10: Build ingestion + Bronze/Silver layers + data quality | J10: PySpark DataFrame API, joins, partitions, shuffle | K10: Revise SQL/PySpark + prior 3 days | L10: GitHub README + project documentation | M10: Working Bronze/Silver pipeline
A11: 46311 | B11: Friday | C11: October — Fundamentals + Databricks + Snowflake | D11: Databricks + Delta Lake + PySpark | E11: Databricks architecture → Delta → Bronze/Silver/Gold → hands-on → interview questions | F11: Two pointers/sliding window | G11: CTEs + subqueries | H11: joins + aggregations | I11: Build ingestion + Bronze/Silver layers + data quality | J11: PySpark DataFrame API, joins, partitions, shuffle | K11: Revise SQL/PySpark + prior 3 days | L11: GitHub README + project documentation | M11: Working Bronze/Silver pipeline
A12: 46312 | B12: Saturday | C12: October — Fundamentals + Databricks + Snowflake | D12: Databricks + Delta Lake + PySpark | E12: Databricks architecture → Delta → Bronze/Silver/Gold → hands-on → interview questions | F12: Stack/queue + exceptions | G12: Window functions | H12: window functions | I12: Build ingestion + Bronze/Silver layers + data quality | J12: PySpark DataFrame API, joins, partitions, shuffle | K12: Revise SQL/PySpark + prior 3 days | L12: GitHub README + project documentation | M12: Working Bronze/Silver pipeline
A13: 46313 | B13: Sunday | C13: October — Fundamentals + Databricks + Snowflake | D13: Databricks + Delta Lake + PySpark | E13: Databricks architecture → Delta → Bronze/Silver/Gold → hands-on → interview questions | F13: Recursion + file handling | G13: Date functions | H13: partition/repartition/coalesce | I13: Build ingestion + Bronze/Silver layers + data quality | J13: PySpark DataFrame API, joins, partitions, shuffle | K13: Revise SQL/PySpark + prior 3 days | L13: GitHub README + project documentation | M13: Working Bronze/Silver pipeline
... A87: 46387 | B87: Thursday | C87: December — Applications + Interviews + Revision | D87: Offer-focused interview/application sprint | E87: Interview prep → weak-area repair → application pipeline | F87: Hash maps/sets + functions | G87: JOIN patterns | H87: withColumn + when/otherwise | I87: Maintain portfolio; no unnecessary new learning | J87: Mixed interview sets and mocks | K87: Spaced revision + flash explanations | L87: Applications/referrals/follow-ups | M87: Maximum readiness + active offer pipeline

Sheet Daily Schedule
A1: Time | B1: Activity | C1: Duration | D1: Rule
A2: 06:00–07:00 | B2: Yoga / Exercise / Meditation | C2: 1 hr | D2: Health, focus, stress
A3: 07:00–08:00 | B3: Breakfast + preparation | C3: 1 hr | D3: No study
A4: 08:00–09:00 | B4: Python Problem Solving | C4: 1 hr | D4: Coding + DSA + DE Python
A5: 09:00–10:00 | B5: SQL + PySpark Problem Solving | C5: 1 hr | D5: Split based on weakness
A6: 10:00–10:30 | B6: Break | C6: 30 min | D6: Screen rest
A7: 10:30–12:30 | B7: Real Study 1 — Learn + Notes | C7: 2 hrs | D7: Active learning, concise notes
A8: 12:30–13:15 | B8: Lunch + rest | C8: 45 min | D8: Recovery
A9: 13:15–15:15 | B9: Real Study 2 — Hands-on / Project | C9: 2 hrs | D9: Build, code, debug
A10: 15:15–15:30 | B10: Break | C10: 15 min | D10: Recovery
A11: 15:30–17:30 | B11: Real Study 3 — Project / Docs / Interview | C11: 2 hrs | D11: Build, explain, document
A12: 17:30–18:30 | B12: Walk / recovery | C12: 1 hr | D12: Movement
... A17: 22:30–06:00 | B17: Sleep | C17: 7.5 hrs | D17: Target 7–8 hours

Sheet Monthly Goals
A1: Month | B1: Goal | C1: Key Deliverables | D1: Status | E1: Completion % | F1: Deadline | G1: Notes
A2: October 2026 | B2: Fundamentals + Databricks + Snowflake | C2: Databricks project; Snowflake project; Resume V1; AI awareness | D2: Not Started | E2: 0 | F2: 46326 | G2: Hands-on over passive videos
A3: November 2026 | B3: AWS + applications + 3-project portfolio | C3: AWS project; 3 projects; Resume V2; daily applications/referrals | D3: Not Started | E3: 0 | F3: 46356 | G3: Start applications aggressively
A4: December 2026 | B4: Get the job | C4: Applications; interviews; mocks; system design; weakness revision | D4: Not Started | E4: 0 | F4: 46387 | G4: Do not make December a heavy learning month

Sheet Topic Tracker
A1: Topic | B1: Learn | C1: Practice | D1: Project | E1: Interview Questions | F1: Revision 1 | G1: Revision 2 | H1: Revision 3 | I1: Confidence / 5
A2: SQL | B2: Completed | C2: In Progress | D2: Not Started | E2: 0 | F2: Not Started | G2: Not Started | H2: Not Started | I2: 0
A3: Python | B3: Completed | C3: In Progress | D3: Not Started | E3: 0 | F3: Not Started | G3: Not Started | H3: Not Started | I3: 0
A4: PySpark | B4: Completed | C4: In Progress | D4: Not Started | E4: 0 | F4: Not Started | G4: Not Started | H4: Not Started | I4: 0
A5: Spark | B5: Completed | C5: In Progress | D5: Not Started | E5: 0 | F5: Not Started | G5: Not Started | H5: Not Started | I5: 0
A6: Hadoop | B6: Completed | C6: Not Started | D6: Not Started | E6: 0 | F6: Not Started | G6: Not Started | H6: Not Started | I6: 0
A7: Kafka | B7: Completed | C7: Not Started | D7: Not Started | E7: 0 | F7: Not Started | G7: Not Started | H7: Not Started | I7: 0
A8: Airflow | B8: Not Started | C8: Not Started | D8: Not Started | E8: 0 | F8: Not Started | G8: Not Started | H8: Not Started | I8: 0
A9: Databricks | B9: Not Started | C9: Not Started | D9: Not Started | E9: 0 | F9: Not Started | G9: Not Started | H9: Not Started | I9: 0
A10: Delta Lake | B10: Not Started | C10: Not Started | D10: Not Started | E10: 0 | F10: Not Started | G10: Not Started | H10: Not Started | I10: 0
A11: Unity Catalog | B11: Not Started | C11: Not Started | D11: Not Started | E11: 0 | F11: Not Started | G11: Not Started | H11: Not Started | I11: 0
A12: Snowflake | B12: Not Started | C12: Not Started | D12: Not Started | E12: 0 | F12: Not Started | G12: Not Started | H12: Not Started | I12: 0
A13: AWS | B13: Not Started | C13: Not Started | D13: Not Started | E13: 0 | F13: Not Started | G13: Not Started | H13: Not Started | I13: 0
... A17: System Design | B17: Not Started | C17: Not Started | D17: Not Started | E17: 0 | F17: Not Started | G17: Not Started | H17: Not Started | I17: 0

Sheet Module Tracker
A1: Module Name | B1: Foundation Revision | C1: Is Practice Interview Question? | D1: How Many Times Revise Foundation | E1: How Many Interview Questions Gone Through
A2: Module 1 - SQL | B2: Not Started | C2: Not Started | D2: 0 | E2: 0
A3: Module 2 - Big Data Fundamentals & Hadoop | B3: Not Started | C3: Not Started | D3: 0 | E3: 0
A4: Module 3 - Confluent Kafka | B4: Not Started | C4: Not Started | D4: 0 | E4: 0
A5: Module 4 - NoSQL Database: MongoDB | B5: Not Started | C5: Not Started | D5: 0 | E5: 0
A6: Module 5 - Apache Spark (PySpark) | B6: Not Started | C6: Not Started | D6: 0 | E6: 0
A7: Module 6 - Apache Airflow | B7: Not Started | C7: Not Started | D7: 0 | E7: 0
A8: Module 7 - AI Fundamentals for Data Engineering | B8: Not Started | C8: Not Started | D8: 0 | E8: 0
A9: Module 8 - Data Warehousing & Data Modelling | B9: Not Started | C9: Not Started | D9: 0 | E9: 0
A10: Module 9 - Apache Iceberg | B10: Not Started | C10: Not Started | D10: 0 | E10: 0
A11: Module 10 - Databricks & AI | B11: Not Started | C11: Not Started | D11: 0 | E11: 0
A12: Module 11 - Snowflake & AI | B12: Not Started | C12: Not Started | D12: 0 | E12: 0
A13: Module 12 - Complete AWS Cloud + Practical AI Data Engineering | B13: Not Started | C13: Not Started | D13: 0 | E13: 0

Sheet Project Tracker
A1: Project Name | B1: Technology | C1: Objective | D1: Architecture | E1: Data Source | F1: Pipeline | G1: Transformation | H1: Storage | I1: Testing | J1: Optimization | K1: Documentation | L1: GitHub | M1: Resume Added | N1: Interview Explanation Ready | O1: Status
A2: Project 1 — Databricks Lakehouse | B2: Databricks / PySpark / Delta / Unity Catalog | C2: Production-style lakehouse | D2: Bronze → Silver → Gold | F2: Ingestion → processing → serving | G2: Quality + incremental processing | H2: Delta Lake | J2: Partitioning / optimization | M2: Not Started | N2: Not Started | O2: Not Started
A3: Project 2 — Snowflake Warehouse | B3: Snowflake / SQL | C3: Dimensional warehouse + incremental loads | D3: Staging → warehouse | F3: Load → transform → model | G3: SQL transformations + incremental loading | H3: Snowflake | J3: Performance concepts | M3: Not Started | N3: Not Started | O3: Not Started
A4: Project 3 — AWS Data Engineering | B4: S3 / Glue / Athena / EMR / PySpark / IAM | C4: Cloud data pipeline | D4: S3 → Glue/EMR → Athena | F4: Batch processing | G4: PySpark transformations | H4: S3 + catalog | J4: Monitoring / optimization | M4: Not Started | N4: Not Started | O4: Not Started

Sheet Interview Tracker
A1: Date | B1: Topic | C1: Question | D1: Difficulty | E1: My Answer | F1: Correct? | G1: Weak Area | H1: Follow-up Question | I1: Revision Required? | J1: Revision Date | K1: Confidence / 5

Sheet Job Application Tracker
A1: Date Applied | B1: Company | C1: Role | D1: Location | E1: Job URL | F1: Source | G1: Referral | H1: Recruiter | I1: Status | J1: Interview Round | K1: Follow-up Date | L1: Result | M1: Notes

Sheet Weekly Review
A1: Week Ending | B1: Technical Progress | C1: Topics Completed | D1: Topics Pending | E1: Interview Questions Solved | F1: Coding Problems Solved | G1: Project Progress | H1: Resume Changes | I1: Applications | J1: Referrals | K1: Interviews | L1: Recruiter Responses | M1: Top 3 Weaknesses | N1: Next Week Priorities
A2: 46306 | E2: 0 | F2: 0 | I2: 0 | J2: 0 | K2: 0 | L2: 0
A3: 46313 | E3: 0 | F3: 0 | I3: 0 | J3: 0 | K3: 0 | L3: 0
A4: 46320 | E4: 0 | F4: 0 | I4: 0 | J4: 0 | K4: 0 | L4: 0
A5: 46327 | E5: 0 | F5: 0 | I5: 0 | J5: 0 | K5: 0 | L5: 0
A6: 46334 | E6: 0 | F6: 0 | I6: 0 | J6: 0 | K6: 0 | L6: 0
A7: 46341 | E7: 0 | F7: 0 | I7: 0 | J7: 0 | K7: 0 | L7: 0
A8: 46348 | E8: 0 | F8: 0 | I8: 0 | J8: 0 | K8: 0 | L8: 0
A9: 46355 | E9: 0 | F9: 0 | I9: 0 | J9: 0 | K9: 0 | L9: 0
A10: 46362 | E10: 0 | F10: 0 | I10: 0 | J10: 0 | K10: 0 | L10: 0
A11: 46369 | E11: 0 | F11: 0 | I11: 0 | J11: 0 | K11: 0 | L11: 0
A12: 46376 | E12: 0 | F12: 0 | I12: 0 | J12: 0 | K12: 0 | L12: 0
A13: 46383 | E13: 0 | F13: 0 | I13: 0 | J13: 0 | K13: 0 | L13: 0

Sheet Jan+ Continuation
A1: Date | B1: Day | C1: Primary Focus | D1: Python | E1: SQL + PySpark | F1: Real Study Hours | G1: Interview Prep | H1: Revision | I1: Applications | J1: Referrals | K1: Interviews | L1: Project/Portfolio | M1: Confidence / 5 | N1: Status | O1: Notes
A2: 46388 | B2: Friday | C2: Apply → Interview → Weakness → Revise → Practice → Improve | D2: Not Started | E2: Not Started | F2: 6 | G2: Not Started | H2: Not Started | I2: Not Started | J2: Not Started | K2: Not Started | L2: Maintain / improve existing projects | M2: 0 | N2: Not Started
A3: 46389 | B3: Saturday | C3: Apply → Interview → Weakness → Revise → Practice → Improve | D3: Not Started | E3: Not Started | F3: 6 | G3: Not Started | H3: Not Started | I3: Not Started | J3: Not Started | K3: Not Started | L3: Maintain / improve existing projects | M3: 0 | N3: Not Started
A4: 46390 | B4: Sunday | C4: Apply → Interview → Weakness → Revise → Practice → Improve | D4: Not Started | E4: Not Started | F4: 6 | G4: Not Started | H4: Not Started | I4: Not Started | J4: Not Started | K4: Not Started | L4: Maintain / improve existing projects | M4: 0 | N4: Not Started
A5: 46391 | B5: Monday | C5: Apply → Interview → Weakness → Revise → Practice → Improve | D5: Not Started | E5: Not Started | F5: 6 | G5: Not Started | H5: Not Started | I5: Not Started | J5: Not Started | K5: Not Started | L5: Maintain / improve existing projects | M5: 0 | N5: Not Started
A6: 46392 | B6: Tuesday | C6: Apply → Interview → Weakness → Revise → Practice → Improve | D6: Not Started | E6: Not Started | F6: 6 | G6: Not Started | H6: Not Started | I6: Not Started | J6: Not Started | K6: Not Started | L6: Maintain / improve existing projects | M6: 0 | N6: Not Started
A7: 46393 | B7: Wednesday | C7: Apply → Interview → Weakness → Revise → Practice → Improve | D7: Not Started | E7: Not Started | F7: 6 | G7: Not Started | H7: Not Started | I7: Not Started | J7: Not Started | K7: Not Started | L7: Maintain / improve existing projects | M7: 0 | N7: Not Started
A8: 46394 | B8: Thursday | C8: Apply → Interview → Weakness → Revise → Practice → Improve | D8: Not Started | E8: Not Started | F8: 6 | G8: Not Started | H8: Not Started | I8: Not Started | J8: Not Started | K8: Not Started | L8: Maintain / improve existing projects | M8: 0 | N8: Not Started
A9: 46395 | B9: Friday | C9: Apply → Interview → Weakness → Revise → Practice → Improve | D9: Not Started | E9: Not Started | F9: 6 | G9: Not Started | H9: Not Started | I9: Not Started | J9: Not Started | K9: Not Started | L9: Maintain / improve existing projects | M9: 0 | N9: Not Started
A10: 46396 | B10: Saturday | C10: Apply → Interview → Weakness → Revise → Practice → Improve | D10: Not Started | E10: Not Started | F10: 6 | G10: Not Started | H10: Not Started | I10: Not Started | J10: Not Started | K10: Not Started | L10: Maintain / improve existing projects | M10: 0 | N10: Not Started
A11: 46397 | B11: Sunday | C11: Apply → Interview → Weakness → Revise → Practice → Improve | D11: Not Started | E11: Not Started | F11: 6 | G11: Not Started | H11: Not Started | I11: Not Started | J11: Not Started | K11: Not Started | L11: Maintain / improve existing projects | M11: 0 | N11: Not Started
A12: 46398 | B12: Monday | C12: Apply → Interview → Weakness → Revise → Practice → Improve | D12: Not Started | E12: Not Started | F12: 6 | G12: Not Started | H12: Not Started | I12: Not Started | J12: Not Started | K12: Not Started | L12: Maintain / improve existing projects | M12: 0 | N12: Not Started
A13: 46399 | B13: Tuesday | C13: Apply → Interview → Weakness → Revise → Practice → Improve | D13: Not Started | E13: Not Started | F13: 6 | G13: Not Started | H13: Not Started | I13: Not Started | J13: Not Started | K13: Not Started | L13: Maintain / improve existing projects | M13: 0 | N13: Not Started
... A32: 46418 | B32: Sunday | C32: Apply → Interview → Weakness → Revise → Practice → Improve | D32: Not Started | E32: Not Started | F32: 6 | G32: Not Started | H32: Not Started | I32: Not Started | J32: Not Started | K32: Not Started | L32: Maintain / improve existing projects | M32: 0 | N32: Not Started
